index,artist,icon
001,sbed,helmet
002,lorc,battle-axe
003,lorc,ninja-mask
004,lorc,crown
005,sbed,shield
006,delapouite,healing-shield
007,delapouite,bow-arrow
008,carl-olsen,crossbow
009,lorc,tornado
010,delapouite,spell-book
011,delapouite,health-potion
012,lorc,knife-thrust
013,lorc,black-flag
014,lorc,robe
015,delapouite,palette
016,lorc,broadsword
017,delapouite,warhammer
018,lorc,feather
019,lorc,spiked-mace
020,delapouite,goblin-head
021,lorc,sun
022,lorc,boot-prints
023,delapouite,ogre
024,lorc,dread-skull
025,lorc,barbute
026,lucasms,cloak
027,lorc,wolf-head
028,lorc,paw-print
029,lorc,flame-spin
030,lorc,wave-crest
031,lorc,fist
032,delapouite,shield-bash
033,delapouite,flag-objective
034,lorc,lightning-arc
035,lorc,crystal-cluster
036,delapouite,sparkles
037,lorc,padlock
038,delapouite,character
039,lorc,anchor
040,lorc,expanded-rays
041,lorc,flat-star
042,delapouite,cross-shield
043,lorc,vortex
044,lorc,emerald
045,lorc,leaf-skeleton
046,lorc,mailed-fist
047,lorc,guarded-tower
048,delapouite,vertical-banner
049,lorc,lightning-branches
050,lorc,crystal-shine
051,lorc,star-prominences
052,lorc,locked-fortress
053,delapouite,black-knight-helm
054,lorc,anchor
055,lorc,comet-spark
056,lorc,sunbeams
057,delapouite,dragon-shield
058,lorc,spiral-bloom
059,lorc,crystal-eye
060,lorc,falling-leaf
061,delapouite,knight-banner
062,lorc,crossed-swords
063,delapouite,ample-dress
064,lorc,spider-web
065,delapouite,fairy-wings
066,lorc,claw-slashes
067,delapouite,brick-wall
068,lorc,gem-pendant
069,lorc,book-cover
070,lorc,eyeball
071,delapouite,centurion-helmet
072,lorc,robe
073,lorc,justice-star
074,lorc,cat
075,lorc,swirl-ring
076,delapouite,armor-upgrade
077,lorc,sword-spin
078,delapouite,clothes
079,lorc,paw-front
080,delapouite,coins-pile
081,lorc,bone-knife
082,lorc,wavy-chains
083,delapouite,horse-head
084,lorc,open-book
085,lorc,papers
086,lorc,hammer-drop
087,delapouite,heart-beats
088,lorc,broken-heart
089,lorc,heavy-lightning
090,lorc,droplets
091,lorc,cauldron
092,lorc,candle-flame
093,delapouite,magic-potion
094,lorc,bright-explosion
095,delapouite,spartan-helmet
096,lorc,beveled-star
097,lorc,cog
098,lorc,key
099,lorc,sword-hilt
100,lorc,hammer-nails
101,delapouite,hatchet
102,lorc,heavy-rain
103,lorc,run
104,lorc,tornado-discs
105,lorc,arrowhead
106,delapouite,roman-shield
107,delapouite,target-poster
108,delapouite,armor-downgrade
109,delapouite,castle
110,delapouite,gauntlet
111,delapouite,crenel-crown
112,lorc,bone-gnawer
113,lorc,hood
114,delapouite,money-stack
115,delapouite,empty-metal-bucket
116,delapouite,cargo-crate
117,lorc,cloud-ring
118,delapouite,fog
119,lorc,snowflake-1
120,lorc,rock
121,lorc,grenade
122,lorc,cobweb
123,lorc,snowflake-2
124,lorc,standing-potion
125,delapouite,sunrise
126,delapouite,vampire-cape
127,lorc,gems
128,lorc,leaf-swirl
129,lorc,hourglass
130,lorc,small-fire
131,lorc,thunderball
132,lorc,tree-branch
133,lorc,waves
134,lorc,fluffy-cloud
135,lorc,wind-hole
